<?xml version="1.0" encoding="utf-8"?>
<themes>
<theme_resourses id="16" name="brazil_theme">
    <theme_name>Brazil</theme_name>
    <theme_singledesc>Brazil Theme</theme_singledesc>
    <theme_thumbimage>thumb_brazil.png</theme_thumbimage>
    <theme_pkgname>com.kpt.adaptxt.addon.theme.brazil</theme_pkgname>
 </theme_resourses>
 
 <theme_resourses id="17" name="spain_theme">
    <theme_name>Spain</theme_name>
    <theme_singledesc>Spain theme</theme_singledesc>
    <theme_thumbimage>thumb_spain.png</theme_thumbimage>
    <theme_pkgname>com.kpt.adaptxt.addon.theme.spain</theme_pkgname>
 </theme_resourses>
 
 <theme_resourses id="18" name="england_theme">
    <theme_name>England</theme_name>
    <theme_singledesc>England theme</theme_singledesc>
    <theme_thumbimage>thumb_england.png</theme_thumbimage>
    <theme_pkgname>com.kpt.adaptxt.addon.theme.england</theme_pkgname>
 </theme_resourses>
 
 <theme_resourses id="19" name="germany_theme">
    <theme_name>Germany</theme_name>
    <theme_singledesc>Germany theme</theme_singledesc>
    <theme_thumbimage>thumb_germany.png</theme_thumbimage>
    <theme_pkgname>com.kpt.adaptxt.addon.theme.germany</theme_pkgname>
 </theme_resourses>
 
 <theme_resourses id="20" name="italy_theme">
    <theme_name>Italy</theme_name>
    <theme_singledesc>Italy theme</theme_singledesc>
    <theme_thumbimage>thumb_italy.png</theme_thumbimage>
    <theme_pkgname>com.kpt.adaptxt.addon.theme.italy</theme_pkgname>
 </theme_resourses>
 
 <theme_resourses id="0" name="aero_theme">
    <theme_name>Aero</theme_name>
    <theme_singledesc>Aero Theme</theme_singledesc>
    <theme_thumbimage>thumb_aero.png</theme_thumbimage>
    <theme_pkgname>com.kpt.adaptxt.addon.theme.aero</theme_pkgname>
 </theme_resourses>
 
 <theme_resourses id="1" name="byzantium_theme">
    <theme_name>Byzantium</theme_name>
    <theme_singledesc>Byzantium theme</theme_singledesc>
    <theme_thumbimage>thumb_byzantium.png</theme_thumbimage>
    <theme_pkgname>com.kpt.adaptxt.addon.theme.byzantium</theme_pkgname>
 </theme_resourses>
 
 <theme_resourses id="2" name="cerise_theme">
    <theme_name>Cerise</theme_name>
    <theme_singledesc>Cerise theme</theme_singledesc>
    <theme_thumbimage>thumb_cerise.png</theme_thumbimage>
    <theme_pkgname>com.kpt.adaptxt.addon.theme.cerise</theme_pkgname>
 </theme_resourses>
 
 <theme_resourses id="3" name="olivine_theme">
    <theme_name>Olivine</theme_name>
    <theme_singledesc>Olivine theme</theme_singledesc>
    <theme_thumbimage>thumb_olivine.png</theme_thumbimage>
    <theme_pkgname>com.kpt.adaptxt.addon.theme.olivine</theme_pkgname>
 </theme_resourses>
 
 <theme_resourses id="4" name="radical_theme">
    <theme_name>Radical</theme_name>
    <theme_singledesc>Radical theme</theme_singledesc>
    <theme_thumbimage>thumb_radical.png</theme_thumbimage>
    <theme_pkgname>com.kpt.adaptxt.addon.theme.radical</theme_pkgname>
 </theme_resourses>
 
 <theme_resourses id="5" name="royal_theme">
    <theme_name>Royal</theme_name>
    <theme_singledesc>Royal theme</theme_singledesc>
    <theme_thumbimage>thumb_royal.png</theme_thumbimage>
    <theme_pkgname>com.kpt.adaptxt.addon.theme.royal</theme_pkgname>
 </theme_resourses>

 <theme_resourses id="6" name="slate_theme">
    <theme_name>Slate</theme_name>
    <theme_singledesc>Slate theme</theme_singledesc>
    <theme_thumbimage>thumb_slate.png</theme_thumbimage>
    <theme_pkgname>com.kpt.adaptxt.addon.theme.slate</theme_pkgname>
 </theme_resourses>

<theme_resourses id="7" name="stpatrick_theme">
    <theme_name>St.Patrick</theme_name>
    <theme_singledesc>With background of Shamrock</theme_singledesc>
    <theme_thumbimage>st80x80_1360215945.png</theme_thumbimage>
    <theme_pkgname>com.kpt.adaptxt.addon.theme.patrick</theme_pkgname>
 </theme_resourses>
 
<theme_resourses id="8" name="easter_theme">
    <theme_name>Easter</theme_name>
    <theme_singledesc>Decorated with Easter eggs</theme_singledesc>
    <theme_thumbimage>easter_80x80_1360216017.png</theme_thumbimage>
    <theme_pkgname>com.kpt.adaptxt.addon.theme.easter</theme_pkgname>
 </theme_resourses>
 
<theme_resourses id="9" name="holi_theme">
    <theme_name>Holi</theme_name>
    <theme_singledesc>Celebrate the festival of colors</theme_singledesc>
    <theme_thumbimage>holi80x80_1360216069_1361349316.png</theme_thumbimage>
    <theme_pkgname>com.kpt.adaptxt.addon.theme.holi</theme_pkgname>
 </theme_resourses>
 
<theme_resourses id="10" name="basketball_theme">
    <theme_name>Basketball</theme_name>
    <theme_singledesc>Designed for all basketball fans</theme_singledesc>
    <theme_thumbimage>thumb_1366985620.png</theme_thumbimage>
    <theme_pkgname>com.kpt.adaptxt.addon.theme.basketball</theme_pkgname>
 </theme_resourses>
 
 <theme_resourses id="11" name="cricket_theme">
    <theme_name>Cricket</theme_name>
    <theme_singledesc>Designed for all Cricket fans</theme_singledesc>
    <theme_thumbimage>thumb_1367560297.png</theme_thumbimage>
    <theme_pkgname>com.kpt.adaptxt.addon.theme.cricket</theme_pkgname>
 </theme_resourses>
 
 <theme_resourses id="12" name="halloween_theme">
    <theme_name>Halloween</theme_name>
    <theme_singledesc>Dark and Mysterious theme</theme_singledesc>
    <theme_thumbimage>thumb_1383127987.png</theme_thumbimage>
    <theme_pkgname>com.kpt.adaptxt.addon.theme.halloween</theme_pkgname>
 </theme_resourses>
 
 <theme_resourses id="13" name="diwali_theme">
    <theme_name>Diwali</theme_name>
    <theme_singledesc>Celebrate festival of lights</theme_singledesc>
    <theme_thumbimage>thumb_1383128114.png</theme_thumbimage>
    <theme_pkgname>com.kpt.adaptxt.addon.theme.diwali</theme_pkgname>
 </theme_resourses>
 
 <theme_resourses id="14" name="xmas_theme">
    <theme_name>Xmas</theme_name>
    <theme_singledesc>Adaptxt's Christmas theme</theme_singledesc>
    <theme_thumbimage>thumb_xmas.png</theme_thumbimage>
    <theme_pkgname>com.kpt.adaptxt.addon.theme.xmas</theme_pkgname>
 </theme_resourses>
 
  <theme_resourses id="15" name="christmas_theme">
    <theme_name>Christmas</theme_name>
    <theme_singledesc>Celebrate Christmas</theme_singledesc>
    <theme_thumbimage>thumb_christmas.png</theme_thumbimage>
    <theme_pkgname>com.kpt.adaptxt.addon.theme.christmas</theme_pkgname>
 </theme_resourses>
 


 
</themes>